{
    "loss": 12.21157169342041,
    "accuracy": 0.5035971403121948
}