{
    "loss": 6.758647918701172,
    "accuracy": 0.5035971403121948
}