{
    "loss": 19.06468391418457,
    "accuracy": 0.5035971403121948
}